tweetid,username,postdata,likes,retweets,quotes,replies,timeposted,profid
1609236624054927364,smoke_screen_uk,2022: 30 Years of Smoke Screen! We are proud of the work that we have done both in crime prevention and community work. Thank you for your continuous support and we look forward to seeing what else we can do together tp help reduce and tackle crime! 🌟 https://t.co/zDr1Dgovc7,0,0,0,0,1672506884000,4385
1608871535476883457,smoke_screen_uk,"2021: 🐅 Some species came back from the brink of extinction - Tuna, Siberian tigers, European Bison and Saiga Antelope. ⚓ A mission to clean up the Great Pacific garbage patch launched in October, brought back a total of 100,000kg from the ocean on its haul. https://t.co/l6EPumsYGI",0,0,0,0,1672419840000,4385
1608508392800243712,smoke_screen_uk,2020: ♻️vRenewables had a record year with advancements in green tech have rapidly brought down the costs of wind and solar. 🌍 Africa was declared free of wild polio!  💉 The Coronavirus vaccine became the fastest vaccine to be ever developed. https://t.co/Hp4wIkRTId,0,0,0,0,1672333260000,4385
1608147011714383872,smoke_screen_uk,2019: Smoke Screen are winners of the BSIA International Partnership Awards for our work creating Sentinel Connect in conjunction with ASB security in The Netherlands. https://t.co/hKlHF7Nrcr https://t.co/mYHaToIsEi,0,0,0,0,1672247100000,4385
1607782610272411648,smoke_screen_uk,2018: 🌿Serranía de Chiribiquete (Columbia) was declared the world’s largest tropical rainforest national park.  🐝 The EU agreed to ban a group of insecticides that have been linked to a dramatic reduction in bee numbers. https://t.co/Bl9VKBXoPs,0,0,0,0,1672160220000,4385
1607419467478220803,smoke_screen_uk,2017: 🏅 Smoke screen are awarded the 'Best International partnership' with with Allarmi Seguranca e monitoramento and their massive deployment of fog generators in Latin America. 🐝 Europe is set to act on bee-harming pesticides with a total ban on neonicotinoids. https://t.co/WfuAxWXl9V,0,0,0,0,1672073640000,4385
1607056828013199361,smoke_screen_uk,"2016: This year we saw a halt of a century of decline, with tiger 🐯 numbers rising. And a 50-year war finally ends with a peace treaty in Colombia 🕊️  #conceptsmokescreen #30years #smokesecurity #30yearsofsmokescreen #crimeprevention #smokescreen #keepingyousafe https://t.co/lMwVybQpM5",0,0,0,0,1671987180000,4385
1606693685047054336,smoke_screen_uk,"2015: The Hatton Garden safe deposit burglary occurred. A total of £14 million was stolen by six elderly experienced thieves, only £4.3 million had been recovered (If only they had #smokescreen installed!) #conceptsmokescreen #30years #smokesecurity https://t.co/yWpzCX49GJ",0,0,0,0,1671900600000,4385
1606331045569232898,smoke_screen_uk,"""2014: Scientists have confirmed global victory with the recovery of the ozone layer. All the 197 nations of the UN pledged in 1987 to ban the chemicals that were destroying the Earth’s protective ozone layer. https://t.co/DvzPLkcs2w",0,0,0,0,1671814140000,4385
1605987280560193539,smoke_screen_uk,2013: It was an exciting year for Smoke Screen! We were delighted to announce the tandem launch of our new website and our innovative new product lines! #conceptsmokescreen #smokesecurity #30yearsofsmokescreen #crimeprevention #smokescreen #keepingyousafe #goodnewsstories https://t.co/ns2uBaL1lU,0,0,0,0,1671732180000,4385
1605605665153716224,smoke_screen_uk,2012: 💧2 billion more get safe water to drink - UN goal achieved.  🏊 London Olympic swimmer Michael Phelps won 4 gold and 2 silver medals in the London games becoming the most decorated athlete ever. https://t.co/2ejhTe4TVu,0,0,0,0,1671641195000,4385
1605243537121058816,smoke_screen_uk,"2011: 👑 William and Kate Middleton get married.  🐬 Australian researchers discovered a new dolphin species, since named the Tursiops Australis. Do you remember any other good news stories from 2011? https://t.co/8VIFPQgsGm",1,0,0,0,1671554857000,4385
1604865745015422976,smoke_screen_uk,"2010: 🏅 At the BT Retail Awards, Smoke screen are awarded the 'Most innovative security technology deployment' in partnership with Aurum Group. 🧠 A transformative study has uncovered both the key cause and an immediate treatment for Parkinson’s disease. https://t.co/kimwfsmQmX",0,0,0,0,1671464785000,4385
1604518494921687041,smoke_screen_uk,2009: 🎖️ Smoke Screen's Guardian (in partnership with G4S) is awarded best new physical security product. 🐳 Humpback Whales leap off the endangered species list.  #smokescreen #keepingyousafe #goodnewsstories https://t.co/PWGX8ghZW2,0,0,0,0,1671381994000,4385
1604095289660407809,smoke_screen_uk,2008: Barack Obama became the first African American to be nominated by a major political party for President of the United States. #keepingyousafe #goodnewsstories #smokesecurity https://t.co/fNF3lYyIrh,0,0,0,0,1671281094000,4385
1603778687673012225,smoke_screen_uk,2007: 🎖️ Smoke Screen's Rapid Deploy is awarded best new physical security product. 📱 Apple Inc CEO Steve Jobs announces the iPhone. #conceptsmokescreen #30years #smokesecurity https://t.co/gwYlSUg7IK,0,0,0,0,1671205610000,4385
1603431413080100864,smoke_screen_uk,"2006: The famous nature documentary ""Planet Earth"" narrated by David Attenborough premieres on the BBC. Warren Buffett, the world’s second richest man being worth $44 billion, said in June that he will begin to give away 85% of his wealth to foundations focused on world health. https://t.co/e7ecI8fAJz",0,0,0,0,1671122813000,4385
1603067547120816128,smoke_screen_uk,2005: Smoke screen are awarded the 'Most innovative UK security project/installation' with their installations for Boots the Chemist. &amp; #DoctorWho returns to BBC TV after 16 years with the debut of Christopher Eccleston as the Ninth Doctor and Billie Piper as Rose. https://t.co/tNa5r1gWkB,0,2,1,0,1671036061000,4385
1602644311568531458,smoke_screen_uk,2004: A NASA Mars Rover lands successfully on Mars at 04:35 UTC. #conceptsmokescreen #30years #smokesecurity #30yearsofsmokescreen #crimeprevention #smokescreen #keepingyousafe #goodnewsstories https://t.co/05IBgMRsh4,0,0,0,0,1670935154000,4385
1602342001009213440,smoke_screen_uk,"2003: The Human Genome Project is completed with 99% of the human genome sequenced to an accuracy of 99.99%. Humans are finally one step closer to understanding how we work and especially DNA sequencing, which has since helped to make huge advances in medical field. https://t.co/ozPCWazwwf",0,0,0,0,1670863077000,4385
1601979591815581697,smoke_screen_uk,2002: The Euro becomes the official currency of twelve of the European Union's Members. 10 new countries are added to the EU.  #conceptsmokescreen #30years #smokesecurity #30yearsofsmokescreen #crimeprevention #smokescreen #keepingyousafe #goodnewsstories https://t.co/eUqjJnaTia,0,0,0,0,1670776672000,4385
1601613208670056449,smoke_screen_uk,"2001: The Eden Project in Cornwall, England opened (the world’s largest greenhouse) trying to help save the world’s largest collection of plants. https://t.co/99wUjZiF7B",0,0,0,0,1670689320000,4385
1600886205696155648,smoke_screen_uk,"1999: As Smoke Screen kept expanding, we thought we would share some other notable moments as 1999 was a great year for cinema and literature!  📖 'Harry Potter and the Prisoner of Azkaban’ was published.  🎥 'The Matrix' &amp; 'Star Wars: Episode I' were released. https://t.co/N6TRrlV4AX",0,0,0,0,1670515989000,4385
1600607330751680522,smoke_screen_uk,"1998 - Smoke Screen's first exhibition at Epsom Racecourse. Founders of the business, Carl Gibbard on the left and Steve Gilmartin on the right. Chap in the middle was a London-based distributor whose name cannot be confirmed at this point!  #conceptsmokescreen #30years https://t.co/JFE8XTloEy",0,0,1,0,1670449500000,4385
1600184300007211011,smoke_screen_uk,"1997 - Through proven success in preventing crime, our smoke screens were now being installed in businesses throughout the UK. Here we show an example of our early marketing campaigns on how effective security fog is in preventing crime. #conceptsmokescreen #30years https://t.co/qE9dehZA8C",0,0,1,0,1670348641000,4385
1599820647017943040,smoke_screen_uk,"1996 - Smoke Screen installs 6 machines in one of the UK’s leading supermarkets who had been suffering break-ins to their on-site petrol filling stations. Afterwards, our orders increased rapidly through many commercial supermarket connections. #conceptsmokescreen #30years https://t.co/HqXfePHv21",0,0,0,0,1670261940000,4385
1599503054264537090,smoke_screen_uk,1995 - We were seeing our smoke screen generators being installed in a variety of business. Here is a picture of one of our smoke screens in action ...  #conceptsmokescreen #30years #smokesecurity #30yearsofsmokescreen #crimeprevention #smokescreen #keepingyousafe https://t.co/M0bQA5kfl9,0,0,0,0,1670186220000,4385
1599095247165857792,smoke_screen_uk,1994 - We finally had a product out in market that proved effective against theft.  #conceptsmokescreen #30years #smokesecurity #30yearsofsmokescreen #crimeprevention #smokescreen #keepingyousafe https://t.co/qJmLzwoSz7,0,0,1,0,1670088991000,4385
1598732476561723419,smoke_screen_uk,"1993 - From the outset, Smoke Screen were constantly innovating and finding ways to make the smoke machine more efficient and reliable. Here is one of the prototypes that proved our vision, that vision being that security fog works. #conceptsmokescreen #30years #smokesecurity https://t.co/ccGKrP28Lg",0,0,2,0,1670002500000,4385
1598292578046197761,smoke_screen_uk,"We're posting 30 #throwbacks in celebration of 30 years of Smoke Screen, going all the way back to 1992 when Steve Gilmartin and Carl Gibbard first came together to discover a way in which they could help prevent crime https://t.co/CsTRWhCLWG https://t.co/CsKIWUyWx5",0,0,1,0,1669897620000,4385
1577952228635197441,smoke_screen_uk,"Would you like to experience our Security Fog first-hand? 👀 Come and visit the #SmokeScreen stand at the @NBCS_Tweet  Crime Conference.  To pre-book a demonstration at a particular time, please contact shayne.hubbard@smoke-screen.co.uk  Learn more ⬇️ https://t.co/nqv4D8FNV6 https://t.co/NmQTvsZ7q2",0,1,1,0,1665048102000,4385
1559618577904312323,smoke_screen_uk,We believe that #safety and #security is a basic human right and this compels us to tackle the most intrusive and violent crimes. We're also committed to educating and supporting #communities with the aim of reducing crime and #improvinglives. https://t.co/ReUji7XkwA,0,0,0,0,1660677019000,4385
1556682906315018241,smoke_screen_uk,"Get ready for the rise of contactless fingerprinting, which uses a phone camera to capture your prints. Find out more on the WIRED website and read the article here: https://t.co/VBznri78S6  #securityfog #smokesecurity #protectingyourbusiness #protectingyourstaff #fingerprints https://t.co/fDLXWgiy9z",0,0,0,0,1659977101000,4385
1555271098706677768,smoke_screen_uk,"Did you know that most property theft occurs in the first few minutes of a break-in. Our security fog confronts the criminal and hides property, forcing the intruder to leave. #Securityfog reinvents the element of surprise and takes control away from the criminal. #smesafety https://t.co/PLviVCHRTf",0,0,0,0,1659640500000,4385
1554137380206116864,smoke_screen_uk,"If you can't fully prevent crime occurring, there needs to be a solution to tackle it. If something is hidden, it becomes harder to steal, and in many instances this removes the opportunity. Smoke Screen hides the things most valuable to you and ends the threat. #smokesecurity https://t.co/WRTrBh8tqM",0,0,0,0,1659370200000,4385
1553078904738414592,smoke_screen_uk,"5 tips for protecting your business: #5 Install a security fog machine. This has been installed by many Tesco stores, and smaller SME businesses. Setting up a security fog machine will ensure that thieves will quickly leave the premise from lack of visibility. #securityfog https://t.co/gUHMMMdYUc",0,0,0,0,1659117840000,4385
1551961793358069762,smoke_screen_uk,Tips for protecting your business: #4 Having a set routine on how to effectively lock-up will ensure that yourself and your members of staff are able to lock-up every time and prevent an easy break-in.  #protectyourbusiness #smesafety #securityfog https://t.co/c98P2CXMM3,0,0,0,0,1658851500000,4385
1550534639097626624,smoke_screen_uk,"Protecting your business: #3 We would recommend that you get advice from the police or your insurance if you have experienced a break-in. As they work in crime and see current trends in your area, they may provide you ideas on how to fortify your #business out-of-hours. https://t.co/UvmaqWYJUf",0,0,0,0,1658511240000,4385
1549469164708024323,smoke_screen_uk,"Protecting your business: #2 An obvious but valuable tip is always to keep valuables in a secure room. When you lock up in the evenings, store away laptops and other valuables that could easily be stolen if intruders were to break in. #businesssecurity #smesafety #stocksecurity https://t.co/CieUYnYePZ",0,0,0,0,1658257211000,4385
1546856984686780420,smoke_screen_uk,We are inspired to create products that will confront criminals whilst simultaneously #protecting your people and #property. Modern criminals are not deterred by standard security systems which is why we have developed #securityfog for #crimeprevention https://t.co/5sw60XKfkP,0,0,1,1,1657634419000,4385
1541466430557798406,smoke_screen_uk,Concept Smoke Screen is partnering with criminologists from the #UniversityofLincoln to assess the impacts of their systems on retail loss prevention and on crime in surrounding communities.  Find out more on how we are changing the security landscape: https://t.co/RjY3cY8VDd https://t.co/8QZisMJEtr,0,0,0,0,1656349210000,4385
1512384762526248964,smoke_screen_uk,Carl Gibbard relates the strange tale of the way Concept Smoke Screen helped keep the RAF's Hercules transport planes in the air.  https://t.co/HWHJgvzbYe #conceptconnected #smokescreen #theroyalairforce #RAF #transport https://t.co/liVaYHUmTf,0,0,0,0,1649415600000,4385
1509946200899866635,smoke_screen_uk,Are ‘fear-based’ anti-knife crime campaigns effective? Check out our new article today: https://t.co/Qianqmx2Ux #conceptsmokescreen #crimeprevention #smokeprotection https://t.co/k5EhHrSHfl,0,0,0,0,1648834202000,4385
1507409490911584270,smoke_screen_uk,"As businesses across the country emerge blinking from pandemic restrictions, what will be the new norms for domestic and international business travel? Read our latest article by Carl Gibbard, who considers the post-pandemic travel expectations here: https://t.co/Y24ruNVDYE https://t.co/U6UClwnFML",0,0,0,0,1648229403000,4385
1504471763626864642,smoke_screen_uk,"It’s live! Our MD chats with Security Matters magazine editor Brian Sims. In Matt’s interview he discusses our social and environmental aims, and the work we’re starting to do with the Criminology Department at @unilincoln. https://t.co/CPe3sLkZzi @LincolnCrim @WBMSecMatters https://t.co/zR2KwFarn0",0,1,2,0,1647528994000,4385
1504401421831225353,smoke_screen_uk,What is security fog? Security fog is a thermally generated white fog that can fill a room in seconds. This fog obscures your property and prevents theft and vandalism. Want to find out more? Sign up for a FREE survey of your business premises today! https://t.co/aQBL4kHhPy https://t.co/hojUqGuTyl,0,0,0,0,1647512224000,4385
1503751899316731908,smoke_screen_uk,Hi everyone! Obsecur has been away for a while but we're delighted to say WE'RE BACK and we're here once again to make your business security easy. https://t.co/0qbh6kU8xF #conceptsmokescreen #obsecur #businesssecurity #retailsecurity #commercialsecurity https://t.co/xQZiHxKJ8o,0,0,0,0,1647357365000,4385
1502292171847880704,smoke_screen_uk,"A new face joins the Concept team. Meet Sophie Horton, our sales and service administrator.  Read our article to find out about her background and what a typical day at work looks like for her. https://t.co/BNkxIRQHhE #conceptsmokescreen #conceptconnected https://t.co/u5PEPFtIbs",0,0,0,0,1647009339000,4385
1499783585259307015,smoke_screen_uk,"Co-founder Carl Gibbard, looks back and reminisces about the early days of the company in the 1990s, including vintage photography of the original smoke screen products. https://t.co/cm7tqQfsCp #conceptsmokescreen #conceptconnected #securityfog #retailsecurity #commercialsecurity https://t.co/gM1zSu3EEm",0,0,0,0,1646411246000,4385
1494631776668553228,smoke_screen_uk,"Connected spoke to Peter Fisher, the general manager at @NBCS, to find out how the not for profit organisation tackles retail crime in the UK.  Head over to our latest article: https://t.co/5bxik8GXGB #conceptconnected #smokescreen #socialchangemakers #criminalprevention #retail https://t.co/HRaCqFwlui",0,0,0,0,1645182959000,4385
1493609054563971085,smoke_screen_uk,"📚🚸Sanihaze disinfectant fogging generator for classrooms. Sanihaze can ensure the highest level of hygiene, giving you peace of mind when your children are at school. https://t.co/wteYZgwOmB #schoolcleaning  #disinfectantfogging #primaryschool #secondaryschool https://t.co/KFB0dzduQV",0,0,0,0,1644939123000,4385
1492083491047149574,smoke_screen_uk,This week Carl Gibbard liaises with @thebsia members and asks: is the security business serious about its environmental responsibilities? Read more in our article: https://t.co/z4tG0IhCKf #conceptconnected #socialchangemakers #environment #goinggreen #securityindustry https://t.co/AeVaUNgb8m,0,1,3,0,1644575400000,4385
1491443092196827138,smoke_screen_uk,"We were pleased to see last week the great use of our Smoke Screen defence system in #celebrityhunted to distract police officers in a ""Home Alone"" style stunt. Read more in @TheSun article here: https://t.co/XSclQ6aHui #smokescreen #celebrityhunted #smokedefence #thesun #all4 https://t.co/V6g1HWnrBW",0,0,1,0,1644422717000,4385
1489603985468231681,smoke_screen_uk,The @securedbydesign initiative has been improving the physical security of buildings and dramatically reducing neighbourhood thefts since 1989.  National Lead Kenny McHugh writes about SBD's work: https://t.co/Adrcc5NENt #conceptconnected #crimeprevention https://t.co/Lkx8bm1Co4,0,1,4,0,1643984240000,4385
1488485720784265222,smoke_screen_uk,"Sanihaze disinfectant fogging generator. Ideal for areas with a high risk of airborne transmission of infection including #hospitals, #nurseries, paediatric units, operating rooms and crowded dispensaries.https://t.co/s5Zu7BYZmE #disinfectantfogging https://t.co/BVBUxH0BhP",0,0,0,0,1643717625000,4385
1487085476938981379,smoke_screen_uk,Our MD Matt Gilmartin recently spoke with Brian Sims of the Security Matters podcast about the Connected initiative and our campaign to change the way the industry thinks about crime prevention and the environment. https://t.co/BVmyxH1k0A @WBMSecMatters #conceptconnected https://t.co/TkseOu8CXR,0,0,1,0,1643383781000,4385
1486008711818657801,smoke_screen_uk,"A newly published study shows that young persistent offenders are more likely to have been the victims of adverse experiences in childhood, and an early therapy-based approach from #police and the #NHS could help reduce further offending. https://t.co/n8y3xk5hq8 #youngoffenders https://t.co/5XsOszZXj0",0,0,0,0,1643127060000,4385
1484530891196145665,smoke_screen_uk,"Does the old-fashioned CPO still exist? In the first of a two-part investigation, former police officer Carl Gibbard explores the changing face of crime prevention. https://t.co/1TpvdUCdI2 #conceptconnected #smokescreen #security #criminalprevention #socialchangemakers #police https://t.co/jrWljiGIK8",0,0,0,0,1642774720000,4385
1484192949252472832,smoke_screen_uk,"Can sports participation reduce crime? This week Anthony looks at a new paper on the benefits of sport and how it can help reduce crime such as anti-social behaviour, anger control and attitudes towards offending. https://t.co/tCYj6wy6wp #conceptconnected #criminalprevention https://t.co/OHyipJQqDM",0,0,0,0,1642694148000,4385
1540758898247733248,PremArtwork,Random anime girl sketch for no reason. #dndartist #animegirl https://t.co/qmkndGu0Qb,0,0,2,0,1656180521000,8468
1540142885651087360,PremArtwork,"@jellybi_arts @CriticalRole @Marisha_Ray Thank you. Tried ""fun scary"" :)",0,0,0,0,1656033653000,8468
1540142216558960641,PremArtwork,@lacrinova @CriticalRole @Marisha_Ray Thank you.,0,0,0,0,1656033493000,8468
1540035726024118272,PremArtwork,@BrendanInBoston @CritRoleArtBot @CriticalRole @Marisha_Ray Thank you Brendan :),0,0,1,0,1656008104000,8468
1540032006506967040,PremArtwork,Critical Role Fan Art - Laudna - Sleeveless - You know why :) #criticalrolefanart #dndartist https://t.co/UX7cjRcTl4,3,20,80,0,1656007217000,8468
1554105889065381889,PremArtwork,Dragon sketch for the art challenge Smaugust 2022. 2nd image is the reference I used. It's from an AD&amp;D sourcebook Draconomicon. #smaugust #smaugust2022 #dndart https://t.co/2uW1ifLqmi,0,3,6,0,1659362692000,8468
1541399840352980992,PremArtwork,dtiys from @omglesliee #dtiys #dndartist https://t.co/zxgNd41amv,0,1,5,0,1656333334000,8468
